{
  "llm_llama3.1": {
    "config_name": "llm_llama3.1",
    "total_queries": 200,
    "errors": 0,
    "hall_faithfulness_mean": 0.344224,
    "hall_faithfulness_std": 0.3471221005986222,
    "hall_hallucination_rate_mean": 0.655776,
    "hall_hallucination_rate_std": 0.3471221005986222,
    "lat_query_processing_ms_p50": 0.7281500002136454,
    "lat_query_processing_ms_p95": 1.101179996476275,
    "lat_query_processing_ms_mean": 0.7547424246134904,
    "lat_retrieval_ms_p50": 103.78020000644028,
    "lat_retrieval_ms_p95": 173.50415999535466,
    "lat_retrieval_ms_mean": 112.71341658355587,
    "lat_reranking_ms_p50": 54.359400004614145,
    "lat_reranking_ms_p95": 61.48012999183265,
    "lat_reranking_ms_mean": 53.81474572860685,
    "lat_generation_ms_p50": 0.3288000007160008,
    "lat_generation_ms_p95": 0.47096999915083865,
    "lat_generation_ms_mean": 0.33369045211739334,
    "lat_hallucination_check_ms_p50": 313.3244999917224,
    "lat_hallucination_check_ms_p95": 1040.0630500007537,
    "lat_hallucination_check_ms_mean": 384.2793010049745,
    "lat_total_ms_p50": 479.72829997888766,
    "lat_total_ms_p95": 1262.2522900186596,
    "lat_total_ms_mean": 551.9141432168589
  },
  "llm_qwen2.5": {
    "config_name": "llm_qwen2.5",
    "total_queries": 200,
    "errors": 0,
    "hall_faithfulness_mean": 0.3817105,
    "hall_faithfulness_std": 0.35650045657719714,
    "hall_hallucination_rate_mean": 0.6182894999999999,
    "hall_hallucination_rate_std": 0.35650045657719714,
    "lat_query_processing_ms_p50": 0.7160999957704917,
    "lat_query_processing_ms_p95": 1.4053550024982528,
    "lat_query_processing_ms_mean": 0.7878378786368888,
    "lat_retrieval_ms_p50": 140.3176000021631,
    "lat_retrieval_ms_p95": 413.6418500020227,
    "lat_retrieval_ms_mean": 171.45953826496094,
    "lat_reranking_ms_p50": 55.24110000988003,
    "lat_reranking_ms_p95": 72.30528000072808,
    "lat_reranking_ms_mean": 68.97927638198584,
    "lat_generation_ms_p50": 51554.66244999843,
    "lat_generation_ms_p95": 169279.9881949984,
    "lat_generation_ms_mean": 66724.18728200042,
    "lat_hallucination_check_ms_p50": 748.8441999885254,
    "lat_hallucination_check_ms_p95": 2457.5241599988644,
    "lat_hallucination_check_ms_mean": 934.789330769593,
    "lat_total_ms_p50": 53636.988649981504,
    "lat_total_ms_p95": 170629.0604699992,
    "lat_total_ms_mean": 68079.33958600035
  },
  "llm_mistral": {
    "config_name": "llm_mistral",
    "total_queries": 200,
    "errors": 0,
    "hall_faithfulness_mean": 0.5039015,
    "hall_faithfulness_std": 0.37400623089428603,
    "hall_hallucination_rate_mean": 0.4960985000000001,
    "hall_hallucination_rate_std": 0.37400623089428603,
    "lat_query_processing_ms_p50": 0.9070999949472025,
    "lat_query_processing_ms_p95": 1.6153299991856327,
    "lat_query_processing_ms_mean": 0.9547708550644758,
    "lat_retrieval_ms_p50": 155.37269999913406,
    "lat_retrieval_ms_p95": 267.02856999472704,
    "lat_retrieval_ms_mean": 166.06769076927614,
    "lat_reranking_ms_p50": 316.7789500002982,
    "lat_reranking_ms_p95": 486.28039500836167,
    "lat_reranking_ms_mean": 334.0266212118252,
    "lat_generation_ms_p50": 83026.7090999987,
    "lat_generation_ms_p95": 170236.19357499699,
    "lat_generation_ms_mean": 81755.37417400046,
    "lat_hallucination_check_ms_p50": 822.8405999980168,
    "lat_hallucination_check_ms_p95": 2133.850650000386,
    "lat_hallucination_check_ms_mean": 900.8530562802922,
    "lat_total_ms_p50": 84542.93744998722,
    "lat_total_ms_p95": 171555.5663599967,
    "lat_total_ms_mean": 83218.7847174998
  }
}