{
  "no_reranker": {
    "config_name": "no_reranker",
    "total_queries": 200,
    "errors": 0,
    "lat_query_processing_ms_p50": 0.000600004568696022,
    "lat_query_processing_ms_p95": 0.0010000003385357559,
    "lat_query_processing_ms_mean": 0.0006786806063920373,
    "lat_retrieval_ms_p50": 101.34150000521913,
    "lat_retrieval_ms_p95": 170.52092000085395,
    "lat_retrieval_ms_mean": 109.52272211042369,
    "lat_reranking_ms_p50": 0.0022000021999701858,
    "lat_reranking_ms_p95": 0.0031000017770566046,
    "lat_reranking_ms_mean": 0.002269543439083671,
    "lat_generation_ms_p50": 0.243499998759944,
    "lat_generation_ms_p95": 0.38721999881090596,
    "lat_generation_ms_mean": 0.2522162437071991,
    "lat_hallucination_check_ms_p50": 332.6020000022254,
    "lat_hallucination_check_ms_p95": 1411.0354599994002,
    "lat_hallucination_check_ms_mean": 508.99187626246294,
    "lat_total_ms_p50": 439.0726999990875,
    "lat_total_ms_p95": 1593.8761900033567,
    "lat_total_ms_mean": 628.4754035180746
  },
  "rerank_mini6": {
    "config_name": "rerank_mini6",
    "total_queries": 200,
    "errors": 0,
    "lat_query_processing_ms_p50": 0.0006999980541877449,
    "lat_query_processing_ms_p95": 0.001300009898841381,
    "lat_query_processing_ms_mean": 0.0007835897775247502,
    "lat_retrieval_ms_p50": 131.89159998728428,
    "lat_retrieval_ms_p95": 451.9489799975414,
    "lat_retrieval_ms_mean": 170.09541333398562,
    "lat_reranking_ms_p50": 35.97579999768641,
    "lat_reranking_ms_p95": 161.8364500005555,
    "lat_reranking_ms_mean": 52.99830653233923,
    "lat_generation_ms_p50": 24711.774149996927,
    "lat_generation_ms_p95": 48573.11216000376,
    "lat_generation_ms_mean": 26725.13075909137,
    "lat_hallucination_check_ms_p50": 804.1213999968022,
    "lat_hallucination_check_ms_p95": 2074.3819050032466,
    "lat_hallucination_check_ms_mean": 923.0076161615528,
    "lat_total_ms_p50": 25798.757449989353,
    "lat_total_ms_p95": 51192.242364996455,
    "lat_total_ms_mean": 27949.09570000075
  },
  "rerank_mini12": {
    "config_name": "rerank_mini12",
    "total_queries": 200,
    "errors": 0,
    "lat_query_processing_ms_p50": 0.0006999907782301307,
    "lat_query_processing_ms_p95": 0.0012200063792988647,
    "lat_query_processing_ms_mean": 0.0007380709982226569,
    "lat_retrieval_ms_p50": 124.20004999876255,
    "lat_retrieval_ms_p95": 204.32545999938156,
    "lat_retrieval_ms_mean": 131.92831082445073,
    "lat_reranking_ms_p50": 55.59299999731593,
    "lat_reranking_ms_p95": 303.93665000156034,
    "lat_reranking_ms_mean": 86.51791155815356,
    "lat_generation_ms_p50": 18288.71039999649,
    "lat_generation_ms_p95": 46427.87356998887,
    "lat_generation_ms_mean": 19361.168962814325,
    "lat_hallucination_check_ms_p50": 571.0466000018641,
    "lat_hallucination_check_ms_p95": 1328.6787399883904,
    "lat_hallucination_check_ms_mean": 616.7143217173747,
    "lat_total_ms_p50": 18810.127899996587,
    "lat_total_ms_p95": 48365.356849991076,
    "lat_total_ms_mean": 20254.091999498076
  },
  "rerank_bge_large": {
    "config_name": "rerank_bge_large",
    "total_queries": 200,
    "errors": 0,
    "lat_query_processing_ms_p50": 0.0006999907782301307,
    "lat_query_processing_ms_p95": 0.0011150063073728212,
    "lat_query_processing_ms_mean": 0.0007424237220689203,
    "lat_retrieval_ms_p50": 205.5243499999051,
    "lat_retrieval_ms_p95": 344.5749749917013,
    "lat_retrieval_ms_mean": 228.75873655861903,
    "lat_reranking_ms_p50": 33697.788599994965,
    "lat_reranking_ms_p95": 40586.804559998556,
    "lat_reranking_ms_mean": 33654.23363959365,
    "lat_generation_ms_p50": 28033.97770000447,
    "lat_generation_ms_p95": 57146.17498999721,
    "lat_generation_ms_mean": 30649.8596055278,
    "lat_hallucination_check_ms_p50": 15857.315350003773,
    "lat_hallucination_check_ms_p95": 44675.160374998086,
    "lat_hallucination_check_ms_mean": 18968.775224490095,
    "lat_total_ms_p50": 79572.45060000423,
    "lat_total_ms_p95": 131679.02446000077,
    "lat_total_ms_mean": 84023.37027272659
  }
}