{
  "RAG Lexico (BM25)": {
    "config_name": "RAG Lexico (BM25)",
    "total_queries": 200,
    "errors": 0,
    "hall_faithfulness_mean": 0.4963889999999999,
    "hall_faithfulness_std": 0.4209928140467483,
    "hall_hallucination_rate_mean": 0.503611,
    "hall_hallucination_rate_std": 0.4209928140467483,
    "lat_query_processing_ms_p50": 0.000800006091594696,
    "lat_query_processing_ms_p95": 0.001800013706088066,
    "lat_query_processing_ms_mean": 0.0009202027065453656,
    "lat_retrieval_ms_p50": 114.34619998908602,
    "lat_retrieval_ms_p95": 306.16608000709675,
    "lat_retrieval_ms_mean": 140.24618730926414,
    "lat_reranking_ms_p50": 0.0026999914553016424,
    "lat_reranking_ms_p95": 0.00551498378627002,
    "lat_reranking_ms_mean": 0.003101009607427951,
    "lat_generation_ms_p50": 16386.367800005246,
    "lat_generation_ms_p95": 39627.685075000045,
    "lat_generation_ms_mean": 17765.431432652007,
    "lat_hallucination_check_ms_p50": 809.7476999973878,
    "lat_hallucination_check_ms_p95": 3017.7608549944116,
    "lat_hallucination_check_ms_mean": 1008.4674287885204,
    "lat_total_ms_p50": 17444.482400023844,
    "lat_total_ms_p95": 42097.79080001317,
    "lat_total_ms_mean": 18984.213281121567
  },
  "RAG Semantico (Dense)": {
    "config_name": "RAG Semantico (Dense)",
    "total_queries": 200,
    "errors": 0,
    "hall_faithfulness_mean": 0.5088550000000001,
    "hall_faithfulness_std": 0.38507450029182666,
    "hall_hallucination_rate_mean": 0.49114499999999994,
    "hall_hallucination_rate_std": 0.3850745002918267,
    "lat_query_processing_ms_p50": 0.000700005330145359,
    "lat_query_processing_ms_p95": 0.0014999823179095984,
    "lat_query_processing_ms_mean": 0.0008391969586867633,
    "lat_retrieval_ms_p50": 79.21120000537485,
    "lat_retrieval_ms_p95": 808.1621399905988,
    "lat_retrieval_ms_mean": 226.92172132065485,
    "lat_reranking_ms_p50": 0.0026999914553016424,
    "lat_reranking_ms_p95": 0.0044000043999403715,
    "lat_reranking_ms_mean": 0.002821539946569082,
    "lat_generation_ms_p50": 16900.67890001228,
    "lat_generation_ms_p95": 34387.73352500721,
    "lat_generation_ms_mean": 18212.394063265958,
    "lat_hallucination_check_ms_p50": 3755.805600027088,
    "lat_hallucination_check_ms_p95": 8693.45728001499,
    "lat_hallucination_check_ms_mean": 4203.317851257123,
    "lat_total_ms_p50": 22502.67439999152,
    "lat_total_ms_p95": 41540.69711997872,
    "lat_total_ms_mean": 22969.50941472559
  },
  "RAG Hibrido Propuesto": {
    "config_name": "RAG Hibrido Propuesto",
    "total_queries": 200,
    "errors": 0,
    "hall_faithfulness_mean": 0.5140779999999999,
    "hall_faithfulness_std": 0.3733292830946964,
    "hall_hallucination_rate_mean": 0.4859220000000001,
    "hall_hallucination_rate_std": 0.3733292830946964,
    "lat_query_processing_ms_p50": 1.0881999915000051,
    "lat_query_processing_ms_p95": 3.7799100042320752,
    "lat_query_processing_ms_mean": 1.5219517967078644,
    "lat_retrieval_ms_p50": 266.68939999944996,
    "lat_retrieval_ms_p95": 2144.0903049995536,
    "lat_retrieval_ms_mean": 583.3150055550504,
    "lat_reranking_ms_p50": 857.1939999965252,
    "lat_reranking_ms_p95": 3076.3578499900177,
    "lat_reranking_ms_mean": 1075.6700418358525,
    "lat_generation_ms_p50": 24401.388099999167,
    "lat_generation_ms_p95": 48394.47437498891,
    "lat_generation_ms_mean": 24847.916864498107,
    "lat_hallucination_check_ms_p50": 9386.977199988905,
    "lat_hallucination_check_ms_p95": 32421.82204998967,
    "lat_hallucination_check_ms_mean": 12092.415880000677,
    "lat_total_ms_p50": 37915.46400001971,
    "lat_total_ms_p95": 81282.183449954,
    "lat_total_ms_mean": 39465.10246633093
  }
}