{
  "experiment": "exp8b",
  "model": "cross-encoder/ms-marco-MiniLM-L-12-v2",
  "relevance_threshold": 0.0,
  "total_queries": 200,
  "total_chunks_scored": 2494,
  "score_distribution": {
    "min": -10.920791625976562,
    "max": 9.155733108520508,
    "mean": 2.1761318248791475,
    "median": 2.415889024734497,
    "std": 3.1210697787957544
  },
  "systems": {
    "RAG Lexico (BM25)": {
      "precision@1_mean": 0.785,
      "precision@1_std": 0.41082234603292944,
      "recall@1_mean": 0.08581131368631369,
      "recall@1_std": 0.08659009950093809,
      "precision@3_mean": 0.7316666666666667,
      "precision@3_std": 0.3707312593600203,
      "recall@3_mean": 0.22850434287934288,
      "recall@3_std": 0.14521762825005308,
      "precision@5_mean": 0.7180000000000001,
      "precision@5_std": 0.3436218852168761,
      "recall@5_mean": 0.3675168165168165,
      "recall@5_std": 0.17986158340840658,
      "mrr_mean": 0.82825,
      "mrr_std": 0.33863368236685104,
      "ndcg@5_mean": 0.5544578770193516,
      "ndcg@5_std": 0.32031027334492407,
      "avg_score@5_mean": 1.9026058872304856,
      "avg_score@5_std": 2.7163213489257747
    },
    "RAG Semantico (Dense)": {
      "precision@1_mean": 0.86,
      "precision@1_std": 0.34698703145794946,
      "recall@1_mean": 0.09934636197136197,
      "recall@1_std": 0.0779608409572219,
      "precision@3_mean": 0.8083333333333332,
      "precision@3_std": 0.3099058996964509,
      "recall@3_mean": 0.2642614885114885,
      "recall@3_std": 0.14182610936384052,
      "precision@5_mean": 0.782,
      "precision@5_std": 0.30278044851013747,
      "recall@5_mean": 0.4237129953379953,
      "recall@5_std": 0.19263090570778663,
      "mrr_mean": 0.8936666666666667,
      "mrr_std": 0.27542169687791684,
      "ndcg@5_mean": 0.6605658665333911,
      "ndcg@5_std": 0.27875098301040097,
      "avg_score@5_mean": 2.4002960911765694,
      "avg_score@5_std": 2.799017597478912
    },
    "RAG Hibrido Propuesto": {
      "precision@1_mean": 0.93,
      "precision@1_std": 0.25514701644346144,
      "recall@1_mean": 0.11629711954711955,
      "recall@1_std": 0.11465531811845572,
      "precision@3_mean": 0.8883333333333334,
      "precision@3_std": 0.26093315448810084,
      "recall@3_mean": 0.3047026862026862,
      "recall@3_std": 0.16477057208275805,
      "precision@5_mean": 0.851,
      "precision@5_std": 0.26832629390352336,
      "recall@5_mean": 0.4717787074037074,
      "recall@5_std": 0.1770462568344875,
      "mrr_mean": 0.9424166666666668,
      "mrr_std": 0.21649222144096641,
      "ndcg@5_mean": 0.7361851284503412,
      "ndcg@5_std": 0.25689829418476423,
      "avg_score@5_mean": 2.8785045030917975,
      "avg_score@5_std": 2.512640431959211
    }
  },
  "statistical_tests": {
    "ndcg@5": {
      "RAG Lexico (BM25) vs RAG Semantico (Dense)": {
        "metric": "ndcg@5",
        "system_a": "RAG Lexico (BM25)",
        "system_b": "RAG Semantico (Dense)",
        "mean_a": 0.5545,
        "mean_b": 0.6606,
        "std_a": 0.3211,
        "std_b": 0.2795,
        "improvement": 0.1061,
        "improvement_pct": 19.14,
        "p_raw": 0.0003209903143022831,
        "p_value": 0.000321,
        "test": "wilcoxon_signed_rank",
        "is_normal_a": false,
        "is_normal_b": false,
        "effect_size": 0.2739,
        "effect_label": "small",
        "meets_thesis_threshold": false,
        "ci_95_lower": 0.0523,
        "ci_95_upper": 0.1586,
        "significant": true,
        "n": 200,
        "p_bh": 0.0005502691102324853,
        "sig_bh": true,
        "p_holm": 0.0019259418858136985,
        "sig_holm": true,
        "correction_family_size": 12,
        "cohens_d": 0.2739,
        "mean_1": 0.5545,
        "mean_2": 0.6606,
        "diff": -0.10609999999999997,
        "cohens_d_z": 0.2739
      },
      "RAG Lexico (BM25) vs RAG Hibrido Propuesto": {
        "metric": "ndcg@5",
        "system_a": "RAG Lexico (BM25)",
        "system_b": "RAG Hibrido Propuesto",
        "mean_a": 0.5545,
        "mean_b": 0.7362,
        "std_a": 0.3211,
        "std_b": 0.2575,
        "improvement": 0.1817,
        "improvement_pct": 32.78,
        "p_raw": 1.8340134184249823e-11,
        "p_value": 0.0,
        "test": "wilcoxon_signed_rank",
        "is_normal_a": false,
        "is_normal_b": false,
        "effect_size": 0.5023,
        "effect_label": "medium",
        "meets_thesis_threshold": true,
        "ci_95_lower": 0.1322,
        "ci_95_upper": 0.2318,
        "significant": true,
        "n": 200,
        "p_bh": 1.1004080510549895e-10,
        "sig_bh": true,
        "p_holm": 2.0174147602674807e-10,
        "sig_holm": true,
        "correction_family_size": 12,
        "cohens_d": 0.5023,
        "mean_1": 0.5545,
        "mean_2": 0.7362,
        "diff": -0.18169999999999997,
        "cohens_d_z": 0.5023
      },
      "RAG Semantico (Dense) vs RAG Hibrido Propuesto": {
        "metric": "ndcg@5",
        "system_a": "RAG Semantico (Dense)",
        "system_b": "RAG Hibrido Propuesto",
        "mean_a": 0.6606,
        "mean_b": 0.7362,
        "std_a": 0.2795,
        "std_b": 0.2575,
        "improvement": 0.0756,
        "improvement_pct": 11.45,
        "p_raw": 0.0008738227979004291,
        "p_value": 0.000874,
        "test": "wilcoxon_signed_rank",
        "is_normal_a": false,
        "is_normal_b": false,
        "effect_size": 0.2341,
        "effect_label": "small",
        "meets_thesis_threshold": false,
        "ci_95_lower": 0.0316,
        "ci_95_upper": 0.1205,
        "significant": true,
        "n": 200,
        "p_bh": 0.0013107341968506437,
        "sig_bh": true,
        "p_holm": 0.004369113989502146,
        "sig_holm": true,
        "correction_family_size": 12,
        "cohens_d": 0.2341,
        "mean_1": 0.6606,
        "mean_2": 0.7362,
        "diff": -0.0756,
        "cohens_d_z": 0.2341
      }
    },
    "avg_score@5": {
      "RAG Lexico (BM25) vs RAG Semantico (Dense)": {
        "metric": "avg_score@5",
        "system_a": "RAG Lexico (BM25)",
        "system_b": "RAG Semantico (Dense)",
        "mean_a": 1.9026,
        "mean_b": 2.4003,
        "std_a": 2.7231,
        "std_b": 2.806,
        "improvement": 0.4977,
        "improvement_pct": 26.16,
        "p_raw": 0.018709555764484465,
        "p_value": 0.01871,
        "test": "wilcoxon_signed_rank",
        "is_normal_a": false,
        "is_normal_b": false,
        "effect_size": 0.2284,
        "effect_label": "small",
        "meets_thesis_threshold": false,
        "ci_95_lower": 0.2053,
        "ci_95_upper": 0.7979,
        "significant": true,
        "n": 200,
        "p_bh": 0.018709555764484465,
        "sig_bh": true,
        "p_holm": 0.03029339392331578,
        "sig_holm": true,
        "correction_family_size": 12,
        "cohens_d": 0.2284,
        "mean_1": 1.9026,
        "mean_2": 2.4003,
        "diff": -0.49770000000000003,
        "cohens_d_z": 0.2284
      },
      "RAG Lexico (BM25) vs RAG Hibrido Propuesto": {
        "metric": "avg_score@5",
        "system_a": "RAG Lexico (BM25)",
        "system_b": "RAG Hibrido Propuesto",
        "mean_a": 1.9026,
        "mean_b": 2.8785,
        "std_a": 2.7231,
        "std_b": 2.5189,
        "improvement": 0.9759,
        "improvement_pct": 51.29,
        "p_raw": 1.1138818567750779e-11,
        "p_value": 0.0,
        "test": "wilcoxon_signed_rank",
        "is_normal_a": false,
        "is_normal_b": true,
        "effect_size": 0.5014,
        "effect_label": "medium",
        "meets_thesis_threshold": true,
        "ci_95_lower": 0.7127,
        "ci_95_upper": 1.2417,
        "significant": true,
        "n": 200,
        "p_bh": 1.1004080510549895e-10,
        "sig_bh": true,
        "p_holm": 1.3366582281300935e-10,
        "sig_holm": true,
        "correction_family_size": 12,
        "cohens_d": 0.5014,
        "mean_1": 1.9026,
        "mean_2": 2.8785,
        "diff": -0.9758999999999998,