{
  "experiment": "exp10_retrieval194",
  "model": "cross-encoder/ms-marco-MiniLM-L-12-v2",
  "relevance_threshold": 0.0,
  "total_queries": 194,
  "total_chunks_scored": 2417,
  "score_distribution": {
    "min": -11.046586990356445,
    "max": 9.155733108520508,
    "mean": 2.3933425850227605,
    "median": 2.784980297088623,
    "std": 3.0829205836089306
  },
  "systems": {
    "RAG Lexico (BM25)": {
      "precision@1_mean": 0.8195876288659794,
      "precision@1_std": 0.38453055467130437,
      "recall@1_mean": 0.0853657796956766,
      "recall@1_std": 0.06512816515209915,
      "precision@3_mean": 0.7766323024054982,
      "precision@3_std": 0.3391980620221446,
      "recall@3_mean": 0.23750271778622292,
      "recall@3_std": 0.1344120207649003,
      "precision@5_mean": 0.7690721649484535,
      "precision@5_std": 0.3266073100810908,
      "recall@5_mean": 0.3857879949374794,
      "recall@5_std": 0.1792968760179566,
      "mrr_mean": 0.8605670103092783,
      "mrr_std": 0.3110024609757713,
      "ndcg@5_mean": 0.5839107136289223,
      "ndcg@5_std": 0.308635998320291,
      "avg_score@5_mean": 2.209148802491116,
      "avg_score@5_std": 2.7457814622891275
    },
    "RAG Semantico (Dense)": {
      "precision@1_mean": 0.9020618556701031,
      "precision@1_std": 0.2972309947080102,
      "recall@1_mean": 0.11099833728699708,
      "recall@1_std": 0.11747508312983863,
      "precision@3_mean": 0.8316151202749141,
      "precision@3_std": 0.2896603506925982,
      "recall@3_mean": 0.27972289737753653,
      "recall@3_std": 0.1610699210721668,
      "precision@5_mean": 0.7876288659793813,
      "precision@5_std": 0.29401512407931296,
      "recall@5_mean": 0.42762376512376504,
      "recall@5_std": 0.18822873125052295,
      "mrr_mean": 0.9305841924398627,
      "mrr_std": 0.22157641513829748,
      "ndcg@5_mean": 0.6915450187615614,
      "ndcg@5_std": 0.25095900415686195,
      "avg_score@5_mean": 2.599291810738979,
      "avg_score@5_std": 2.691776162990343
    },
    "RAG Hibrido Propuesto": {
      "precision@1_mean": 0.9226804123711341,
      "precision@1_std": 0.2670978640831261,
      "recall@1_mean": 0.10250309541546655,
      "recall@1_std": 0.06875454973763809,
      "precision@3_mean": 0.8934707903780068,
      "precision@3_std": 0.26236387624228713,
      "recall@3_mean": 0.28774184006142767,
      "recall@3_std": 0.1330936678522391,
      "precision@5_mean": 0.8639175257731958,
      "precision@5_std": 0.2640624602034973,
      "recall@5_mean": 0.45572035352963197,
      "recall@5_std": 0.1573146151895199,
      "mrr_mean": 0.9390034364261169,
      "mrr_std": 0.2188547536507307,
      "ndcg@5_mean": 0.7516314805773398,
      "ndcg@5_std": 0.24067189639404568,
      "avg_score@5_mean": 3.0804819001749006,
      "avg_score@5_std": 2.4429710588841687
    }
  },
  "statistical_tests": {
    "ndcg@5": {
      "RAG Lexico (BM25) vs RAG Semantico (Dense)": {
        "metric": "ndcg@5",
        "system_a": "RAG Lexico (BM25)",
        "system_b": "RAG Semantico (Dense)",
        "mean_a": 0.5839,
        "mean_b": 0.6915,
        "std_a": 0.3094,
        "std_b": 0.2516,
        "improvement": 0.1076,
        "improvement_pct": 18.43,
        "p_raw": 5.811322864076514e-05,
        "p_value": 5.8e-05,
        "test": "wilcoxon_signed_rank",
        "is_normal_a": false,
        "is_normal_b": false,
        "effect_size": 0.2916,
        "effect_label": "small",
        "meets_thesis_threshold": false,
        "ci_95_lower": 0.0555,
        "ci_95_upper": 0.1592,
        "significant": true,
        "n": 194,
        "p_bh": 0.00011622645728153028,
        "sig_bh": true,
        "p_holm": 0.000406792600485356,
        "sig_holm": true,
        "correction_family_size": 12,
        "cohens_d": 0.2916,
        "mean_1": 0.5839,
        "mean_2": 0.6915,
        "diff": -0.10760000000000003
      },
      "RAG Lexico (BM25) vs RAG Hibrido Propuesto": {
        "metric": "ndcg@5",
        "system_a": "RAG Lexico (BM25)",
        "system_b": "RAG Hibrido Propuesto",
        "mean_a": 0.5839,
        "mean_b": 0.7516,
        "std_a": 0.3094,
        "std_b": 0.2413,
        "improvement": 0.1677,
        "improvement_pct": 28.72,
        "p_raw": 8.342675015380627e-11,
        "p_value": 0.0,
        "test": "wilcoxon_signed_rank",
        "is_normal_a": false,
        "is_normal_b": false,
        "effect_size": 0.4979,
        "effect_label": "small",
        "meets_thesis_threshold": false,
        "ci_95_lower": 0.1205,
        "ci_95_upper": 0.2144,
        "significant": true,
        "n": 194,
        "p_bh": 1.0011210018456753e-09,
        "sig_bh": true,
        "p_holm": 1.0011210018456753e-09,
        "sig_holm": true,
        "correction_family_size": 12,
        "cohens_d": 0.4979,
        "mean_1": 0.5839,
        "mean_2": 0.7516,
        "diff": -0.16770000000000007
      },
      "RAG Semantico (Dense) vs RAG Hibrido Propuesto": {
        "metric": "ndcg@5",
        "system_a": "RAG Semantico (Dense)",
        "system_b": "RAG Hibrido Propuesto",
        "mean_a": 0.6915,
        "mean_b": 0.7516,
        "std_a": 0.2516,
        "std_b": 0.2413,
        "improvement": 0.0601,
        "improvement_pct": 8.69,
        "p_raw": 0.001435470265404025,
        "p_value": 0.001435,
        "test": "wilcoxon_signed_rank",
        "is_normal_a": false,
        "is_normal_b": false,
        "effect_size": 0.2049,
        "effect_label": "small",
        "meets_thesis_threshold": false,
        "ci_95_lower": 0.0188,
        "ci_95_upper": 0.1019,
        "significant": true,
        "n": 194,
        "p_bh": 0.0021532053981060378,
        "sig_bh": true,
        "p_holm": 0.0071824794483148595,
        "sig_holm": true,
        "correction_family_size": 12,
        "cohens_d": 0.2049,
        "mean_1": 0.6915,
        "mean_2": 0.7516,
        "diff": -0.06010000000000004
      }
    },
    "avg_score@5": {
      "RAG Lexico (BM25) vs RAG Semantico (Dense)": {
        "metric": "avg_score@5",
        "system_a": "RAG Lexico (BM25)",
        "system_b": "RAG Semantico (Dense)",
        "mean_a": 2.2091,
        "mean_b": 2.5993,
        "std_a": 2.7529,
        "std_b": 2.6987,
        "improvement": 0.3901,
        "improvement_pct": 17.66,
        "p_raw": 0.025217495199740293,
        "p_value": 0.025217,
        "test": "wilcoxon_signed_rank",
        "is_normal_a": false,
        "is_normal_b": false,
        "effect_size": 0.1927,
        "effect_label": "negligible",
        "meets_thesis_threshold": false,
        "ci_95_lower": 0.1061,
        "ci_95_upper": 0.6773,
        "significant": true,
        "n": 194,
        "p_bh": 0.030260994239688352,
        "sig_bh": true,
        "p_holm": 0.07565248559922089,
        "sig_holm": false,
        "correction_family_size": 12,
        "cohens_d": 0.1927,
        "mean_1": 2.2091,
        "mean_2": 2.5993,
        "diff": -0.3902000000000001
      },
      "RAG Lexico (BM25) vs RAG Hibrido Propuesto": {
        "metric": "avg_score@5",
        "system_a": "RAG Lexico (BM25)",
        "system_b": "RAG Hibrido Propuesto",
        "mean_a": 2.2091,
        "mean_b": 3.0805,
        "std_a": 2.7529,
        "std_b": 2.4493,
        "improvement": 0.8713,
        "improvement_pct": 39.44,
        "p_raw": 1.1338465896319291e-09,
        "p_value": 0.0,
        "test": "wilcoxon_signed_rank",
        "is_normal_a": false,
        "is_normal_b": false,
        "effect_size": 0.4729,
        "effect_label": "small",
        "meets_thesis_threshold": false,
        "ci_95_lower": 0.618,
        "ci_95_upper": 1.1318,
        "significant": true,
        "n": 194,
        "p_bh": 6.803079537791575e-09,
        "sig_bh": true,
        "p_holm": 1.247231248595122e-08,
        "sig_holm": true,
        "correction_family_size": 12,
        "cohens_d": 0.4729,
        "mean_1": 2.2091,
        "mean_2": 3.0805,
        "diff": -0.8714
      },