{
  "ablation_bm25_only": {
    "config_name": "ablation_bm25_only",
    "total_queries": 200,
    "errors": 0,
    "hall_faithfulness_mean": 0.3647555,
    "hall_faithfulness_std": 0.38454771481540495,
    "hall_hallucination_rate_mean": 0.6352445,
    "hall_hallucination_rate_std": 0.38454771481540495,
    "lat_query_processing_ms_p50": 0.000700005330145359,
    "lat_query_processing_ms_p95": 0.001200009137392044,
    "lat_query_processing_ms_mean": 0.000732990021375728,
    "lat_retrieval_ms_p50": 74.91024999762885,
    "lat_retrieval_ms_p95": 129.33932499799994,
    "lat_retrieval_ms_mean": 80.72645255111749,
    "lat_reranking_ms_p50": 0.0024000037228688598,
    "lat_reranking_ms_p95": 0.0039000005926936865,
    "lat_reranking_ms_mean": 0.002624623137573014,
    "lat_generation_ms_p50": 0.3012000088347122,
    "lat_generation_ms_p95": 0.4955299998982809,
    "lat_generation_ms_mean": 0.3184376891565523,
    "lat_hallucination_check_ms_p50": 159.56790000200272,
    "lat_hallucination_check_ms_p95": 559.4061800002237,
    "lat_hallucination_check_ms_mean": 200.2633145737436,
    "lat_total_ms_p50": 235.72980001335964,
    "lat_total_ms_p95": 681.9944499788107,
    "lat_total_ms_mean": 283.2989120622951
  },
  "ablation_+dense": {
    "config_name": "ablation_+dense",
    "total_queries": 200,
    "errors": 0,
    "hall_faithfulness_mean": 0.37078050000000007,
    "hall_faithfulness_std": 0.3735788735591856,
    "hall_hallucination_rate_mean": 0.6292194999999999,
    "hall_hallucination_rate_std": 0.3735788735591856,
    "lat_query_processing_ms_p50": 0.000700005330145359,
    "lat_query_processing_ms_p95": 0.0011999945854768157,
    "lat_query_processing_ms_mean": 0.0007309641973895545,
    "lat_retrieval_ms_p50": 100.82120000151917,
    "lat_retrieval_ms_p95": 184.5485899902996,
    "lat_retrieval_ms_mean": 111.51320452263097,
    "lat_reranking_ms_p50": 0.0031999952625483274,
    "lat_reranking_ms_p95": 0.0051150098443031285,
    "lat_reranking_ms_mean": 0.0033196968918976686,
    "lat_generation_ms_p50": 0.26029998844023794,
    "lat_generation_ms_p95": 0.3992999976617284,
    "lat_generation_ms_mean": 0.2692728645598806,
    "lat_hallucination_check_ms_p50": 164.279800010263,
    "lat_hallucination_check_ms_p95": 670.687180003733,
    "lat_hallucination_check_ms_mean": 248.56431256299933,
    "lat_total_ms_p50": 295.34729997976683,
    "lat_total_ms_p95": 802.0270799926948,
    "lat_total_ms_mean": 360.3524010049749
  },
  "ablation_+reranker": {
    "config_name": "ablation_+reranker",
    "total_queries": 200,
    "errors": 0,
    "hall_faithfulness_mean": 0.3984715,
    "hall_faithfulness_std": 0.38712659471773575,
    "hall_hallucination_rate_mean": 0.6015285,
    "hall_hallucination_rate_std": 0.38712659471773575,
    "lat_query_processing_ms_p50": 0.000700005330145359,
    "lat_query_processing_ms_p95": 0.0010999938240274787,
    "lat_query_processing_ms_mean": 0.0007210259821313696,
    "lat_retrieval_ms_p50": 102.82050000387244,
    "lat_retrieval_ms_p95": 158.81385999964547,
    "lat_retrieval_ms_mean": 107.61417512696822,
    "lat_reranking_ms_p50": 53.13709999609273,
    "lat_reranking_ms_p95": 61.20001999952365,
    "lat_reranking_ms_mean": 52.48434723601454,
    "lat_generation_ms_p50": 0.28330000350251794,
    "lat_generation_ms_p95": 0.45608999498654157,
    "lat_generation_ms_mean": 0.29526231174261297,
    "lat_hallucination_check_ms_p50": 159.4189000024926,
    "lat_hallucination_check_ms_p95": 645.1965999993262,
    "lat_hallucination_check_ms_mean": 222.1654206037582,
    "lat_total_ms_p50": 313.909300006344,
    "lat_total_ms_p95": 842.4900499914656,
    "lat_total_ms_mean": 384.122297488432
  },
  "ablation_+expansion": {
    "config_name": "ablation_+expansion",
    "total_queries": 200,
    "errors": 0,
    "hall_faithfulness_mean": 0.344224,
    "hall_faithfulness_std": 0.3471221005986222,
    "hall_hallucination_rate_mean": 0.655776,
    "hall_hallucination_rate_std": 0.3471221005986222,
    "lat_query_processing_ms_p50": 0.8920999971451238,
    "lat_query_processing_ms_p95": 1.33710999507457,
    "lat_query_processing_ms_mean": 0.9041666665908474,
    "lat_retrieval_ms_p50": 126.63540001085494,
    "lat_retrieval_ms_p95": 210.3388200019253,
    "lat_retrieval_ms_mean": 130.89792436539244,
    "lat_reranking_ms_p50": 309.997199998179,
    "lat_reranking_ms_p95": 353.8323399996443,
    "lat_reranking_ms_mean": 239.8641898985123,
    "lat_generation_ms_p50": 52196.2643000079,
    "lat_generation_ms_p95": 112345.09109500863,
    "lat_generation_ms_mean": 46938.503648989994,
    "lat_hallucination_check_ms_p50": 687.8365999946254,
    "lat_hallucination_check_ms_p95": 1846.7759649945926,
    "lat_hallucination_check_ms_mean": 716.5975439391037,
    "lat_total_ms_p50": 53442.437300000165,
    "lat_total_ms_p95": 113819.23424501799,
    "lat_total_ms_mean": 48083.011476261934
  },
  "ablation_+normalization": {
    "config_name": "ablation_+normalization",
    "total_queries": 200,
    "errors": 0,
    "hall_faithfulness_mean": 0.344224,
    "hall_faithfulness_std": 0.3471221005986222,
    "hall_hallucination_rate_mean": 0.655776,
    "hall_hallucination_rate_std": 0.3471221005986222,
    "lat_query_processing_ms_p50": 0.9094999986700714,
    "lat_query_processing_ms_p95": 1.4049000106751919,
    "lat_query_processing_ms_mean": 0.9065391957975137,
    "lat_retrieval_ms_p50": 104.32720000244444,
    "lat_retrieval_ms_p95": 162.76160000415985,
    "lat_retrieval_ms_mean": 111.36806581627604,
    "lat_reranking_ms_p50": 58.64229999133386,
    "lat_reranking_ms_p95": 325.64448999764863,
    "lat_reranking_ms_mean": 146.342070853316,
    "lat_generation_ms_p50": 0.3264999977545813,
    "lat_generation_ms_p95": 0.5181600005016662,
    "lat_generation_ms_mean": 0.3353281402328618,
    "lat_hallucination_check_ms_p50": 1747.4932999975863,
    "lat_hallucination_check_ms_p95": 8671.560604997649,
    "lat_hallucination_check_ms_mean": 2742.6152194999304,
    "lat_total_ms_p50": 1954.0561499961768,
    "lat_total_ms_p95": 8892.383424992295,
    "lat_total_ms_mean": 3026.762659998276
  }
}