{
  "retrieval_bm25": {
    "config_name": "retrieval_bm25",
    "total_queries": 200,
    "errors": 0,
    "lat_query_processing_ms_p50": 0.0006999980541877449,
    "lat_query_processing_ms_p95": 0.0012000018614344299,
    "lat_query_processing_ms_mean": 0.0007419191638061852,
    "lat_retrieval_ms_p50": 102.39194999849133,
    "lat_retrieval_ms_p95": 187.69170500072502,
    "lat_retrieval_ms_mean": 108.87639999993847,
    "lat_reranking_ms_p50": 0.0025000008463393897,
    "lat_reranking_ms_p95": 0.004200000148557592,
    "lat_reranking_ms_mean": 0.002716326592662324,
    "lat_generation_ms_p50": 20660.1210000008,
    "lat_generation_ms_p95": 50585.65905000178,
    "lat_generation_ms_mean": 22622.25359899494,
    "lat_hallucination_check_ms_p50": 300.0272000026598,
    "lat_hallucination_check_ms_p95": 730.9498499987966,
    "lat_hallucination_check_ms_mean": 322.3709587939047,
    "lat_total_ms_p50": 21109.38879999958,
    "lat_total_ms_p95": 51000.475199998975,
    "lat_total_ms_mean": 23127.05331055266
  },
  "retrieval_dense": {
    "config_name": "retrieval_dense",
    "total_queries": 200,
    "errors": 0,
    "lat_query_processing_ms_p50": 0.000600004568696022,
    "lat_query_processing_ms_p95": 0.0009000010322779417,
    "lat_query_processing_ms_mean": 0.0006487046076175443,
    "lat_retrieval_ms_p50": 45.48880000220379,
    "lat_retrieval_ms_p95": 356.36930999826285,
    "lat_retrieval_ms_mean": 77.02728693477559,
    "lat_reranking_ms_p50": 0.0023000029614195228,
    "lat_reranking_ms_p95": 0.003914999615517442,
    "lat_reranking_ms_mean": 0.0024944447340194435,
    "lat_generation_ms_p50": 26392.786599999454,
    "lat_generation_ms_p95": 51812.95915999798,
    "lat_generation_ms_mean": 26182.729153500022,
    "lat_hallucination_check_ms_p50": 695.9619500048575,
    "lat_hallucination_check_ms_p95": 2029.9565499990422,
    "lat_hallucination_check_ms_mean": 814.0399397959244,
    "lat_total_ms_p50": 27449.664799998573,
    "lat_total_ms_p95": 52744.464739985415,
    "lat_total_ms_mean": 26946.262524120903
  },
  "retrieval_hybrid_linear_03": {
    "config_name": "retrieval_hybrid_linear_03",
    "total_queries": 200,
    "errors": 0,
    "lat_query_processing_ms_p50": 0.000600004568696022,
    "lat_query_processing_ms_p95": 0.0011000010999850929,
    "lat_query_processing_ms_mean": 0.0006944163605514063,
    "lat_retrieval_ms_p50": 415.3015000047162,
    "lat_retrieval_ms_p95": 757.6645999972243,
    "lat_retrieval_ms_mean": 440.5017402013205,
    "lat_reranking_ms_p50": 0.0020000006770715117,
    "lat_reranking_ms_p95": 0.0029000002541579306,
    "lat_reranking_ms_mean": 0.002085051558414935,
    "lat_generation_ms_p50": 23682.378999998036,
    "lat_generation_ms_p95": 50533.694950000056,
    "lat_generation_ms_mean": 25125.215410552995,
    "lat_hallucination_check_ms_p50": 566.857899997558,
    "lat_hallucination_check_ms_p95": 1640.7853800003058,
    "lat_hallucination_check_ms_mean": 700.7725050760126,
    "lat_total_ms_p50": 24833.06860000448,
    "lat_total_ms_p95": 53003.8287499985,
    "lat_total_ms_mean": 26316.030433668842
  },
  "retrieval_hybrid_linear_05": {
    "config_name": "retrieval_hybrid_linear_05",
    "total_queries": 200,
    "errors": 0,
    "lat_query_processing_ms_p50": 0.000800006091594696,
    "lat_query_processing_ms_p95": 0.0015999990864656866,
    "lat_query_processing_ms_mean": 0.0009345180865585199,
    "lat_retrieval_ms_p50": 504.98729999526404,
    "lat_retrieval_ms_p95": 955.0576400026329,
    "lat_retrieval_ms_mean": 524.825519797047,
    "lat_reranking_ms_p50": 0.0027999994927085936,
    "lat_reranking_ms_p95": 0.005329996929503973,
    "lat_reranking_ms_mean": 0.0029883840673419677,
    "lat_generation_ms_p50": 27387.691499996436,
    "lat_generation_ms_p95": 56488.07564999952,
    "lat_generation_ms_mean": 26449.911795500157,
    "lat_hallucination_check_ms_p50": 2088.0188000010094,
    "lat_hallucination_check_ms_p95": 4074.264870001934,
    "lat_hallucination_check_ms_mean": 1986.7344723621206,
    "lat_total_ms_p50": 30476.807499999268,
    "lat_total_ms_p95": 60179.57987000589,
    "lat_total_ms_mean": 29001.82587550113
  },
  "retrieval_hybrid_linear_07": {
    "config_name": "retrieval_hybrid_linear_07",
    "total_queries": 200,
    "errors": 0,
    "lat_query_processing_ms_p50": 0.0010000003385357559,
    "lat_query_processing_ms_p95": 0.0017000002117129043,
    "lat_query_processing_ms_mean": 0.0010362243245959244,
    "lat_retrieval_ms_p50": 570.3665999972145,
    "lat_retrieval_ms_p95": 1483.3042999998725,
    "lat_retrieval_ms_mean": 669.6975057591828,
    "lat_reranking_ms_p50": 0.0031999952625483274,
    "lat_reranking_ms_p95": 0.005160001455806192,
    "lat_reranking_ms_mean": 0.0032131981339806755,
    "lat_generation_ms_p50": 24541.637300004368,
    "lat_generation_ms_p95": 53481.42484000564,
    "lat_generation_ms_mean": 25390.534609548195,
    "lat_hallucination_check_ms_p50": 3446.5607999954955,
    "lat_hallucination_check_ms_p95": 7499.186540002119,
    "lat_hallucination_check_ms_mean": 3369.6868131978754,
    "lat_total_ms_p50": 28976.953699995647,
    "lat_total_ms_p95": 60940.332290009974,
    "lat_total_ms_mean": 29678.841739196367
  },
  "retrieval_hybrid_rrf": {
    "config_name": "retrieval_hybrid_rrf",
    "total_queries": 200,
    "errors": 0,
    "lat_query_processing_ms_p50": 0.0008999995770864189,
    "lat_query_processing_ms_p95": 0.00161999778356403,
    "lat_query_processing_ms_mean": 0.0009923859934918204,
    "lat_retrieval_ms_p50": 224.79399999792804,
    "lat_retrieval_ms_p95": 425.21229999947514,
    "lat_retrieval_ms_mean": 281.11461855655057,
    "lat_reranking_ms_p50": 0.0029000002541579306,
    "lat_reranking_ms_p95": 0.004799993985216133,
    "lat_reranking_ms_mean": 0.003322222090156918,
    "lat_generation_ms_p50": 30802.303650001704,
    "lat_generation_ms_p95": 61082.35381499868,
    "lat_generation_ms_mean": 32390.41189599957,
    "lat_hallucination_check_ms_p50": 3089.089500004775,
    "lat_hallucination_check_ms_p95": 6027.052440000987,
    "lat_hallucination_check_ms_mean": 3204.7489105527306,
    "lat_total_ms_p50": 34211.09905000412,
    "lat_total_ms_p95": 67375.20165500099,
    "lat_total_ms_mean": 35979.70976799945
  }
}