{
  "experiment": "exp13_expansion",
  "oracle_model": "BAAI/bge-reranker-large",
  "oracle_label": "bge-indep",
  "oracle_is_circular": false,
  "model": "BAAI/bge-reranker-large",
  "thresholds": {
    "p50": 0.1446334719657898,
    "p75": 0.47892263531684875,
    "t0": 0.0
  },
  "primary_threshold": "p50",
  "relevance_threshold": 0.1446334719657898,
  "total_queries": 25,
  "total_chunks_scored": 135,
  "score_distribution": {
    "min": 0.004517452325671911,
    "max": 0.9416652321815491,
    "mean": 0.27672166635661766,
    "median": 0.1446334719657898,
    "std": 0.28606519741745473
  },
  "systems": {
    "exp_off | granite4.1-8b": {
      "ndcg@5_mean": 0.8521075013923834,
      "ndcg@5_std": 0.11699431820200323,
      "avg_score@5_mean": 0.28699599124118685,
      "avg_score@5_std": 0.1816230914048376,
      "precision@1__p50_mean": 0.68,
      "precision@1__p50_std": 0.466476151587624,
      "recall@1__p50_mean": 0.2926666666666667,
      "recall@1__p50_std": 0.3100924593300091,
      "precision@3__p50_mean": 0.5599999999999999,
      "precision@3__p50_std": 0.3492213560989012,
      "recall@3__p50_mean": 0.5746666666666667,
      "recall@3__p50_std": 0.31038041175306147,
      "precision@5__p50_mean": 0.528,
      "precision@5__p50_std": 0.32926585003610687,
      "recall@5__p50_mean": 0.8633333333333334,
      "recall@5__p50_std": 0.32393414968683576,
      "mrr__p50_mean": 0.7613333333333334,
      "mrr__p50_std": 0.36934536683164176,
      "precision@1__p75_mean": 0.52,
      "precision@1__p75_std": 0.4995998398718719,
      "recall@1__p75_mean": 0.32799999999999996,
      "recall@1__p75_std": 0.38602590586643276,
      "precision@3__p75_mean": 0.30666666666666664,
      "precision@3__p75_std": 0.3115552385479446,
      "recall@3__p75_mean": 0.494,
      "recall@3__p75_std": 0.43916283995802746,
      "precision@5__p75_mean": 0.26400000000000007,
      "precision@5__p75_std": 0.25120509548972136,
      "recall@5__p75_mean": 0.672,
      "recall@5__p75_std": 0.46261863343363074,
      "mrr__p75_mean": 0.5733333333333334,
      "mrr__p75_std": 0.45905700444861236,
      "precision@1__t0_mean": 1.0,
      "precision@1__t0_std": 0.0,
      "recall@1__t0_mean": 0.18804761904761907,
      "recall@1__t0_std": 0.020856055635938037,
      "precision@3__t0_mean": 1.0,
      "precision@3__t0_std": 0.0,
      "recall@3__t0_mean": 0.5641428571428571,
      "recall@3__t0_std": 0.06256816690781407,
      "precision@5__t0_mean": 1.0,
      "precision@5__t0_std": 0.0,
      "recall@5__t0_mean": 0.9402380952380952,
      "recall@5__t0_std": 0.10428027817969013,
      "mrr__t0_mean": 1.0,
      "mrr__t0_std": 0.0,
      "precision@1_mean": 0.68,
      "precision@1_std": 0.466476151587624,
      "recall@1_mean": 0.2926666666666667,
      "recall@1_std": 0.3100924593300091,
      "precision@3_mean": 0.5599999999999999,
      "precision@3_std": 0.3492213560989012,
      "recall@3_mean": 0.5746666666666667,
      "recall@3_std": 0.31038041175306147,
      "precision@5_mean": 0.528,
      "precision@5_std": 0.32926585003610687,
      "recall@5_mean": 0.8633333333333334,
      "recall@5_std": 0.32393414968683576,
      "mrr_mean": 0.7613333333333334,
      "mrr_std": 0.36934536683164176
    },
    "exp_on | granite4.1-8b": {
      "ndcg@5_mean": 0.8202662249446669,
      "ndcg@5_std": 0.15730215383965074,
      "avg_score@5_mean": 0.26874583708122374,
      "avg_score@5_std": 0.17162681685236067,
      "precision@1__p50_mean": 0.68,
      "precision@1__p50_std": 0.466476151587624,
      "recall@1__p50_mean": 0.2926666666666667,
      "recall@1__p50_std": 0.3100924593300091,
      "precision@3__p50_mean": 0.5733333333333333,
      "precision@3__p50_std": 0.35925849560819945,
      "recall@3__p50_mean": 0.5846666666666667,
      "recall@3__p50_std": 0.3118375645535134,
      "precision@5__p50_mean": 0.4960000000000001,
      "precision@5__p50_std": 0.3255518391900129,
      "recall@5__p50_mean": 0.7886666666666667,
      "recall@5__p50_std": 0.36589980413586815,
      "mrr__p50_mean": 0.7533333333333334,
      "mrr__p50_std": 0.38331884030573465,
      "precision@1__p75_mean": 0.52,
      "precision@1__p75_std": 0.4995998398718719,
      "recall@1__p75_mean": 0.32799999999999996,
      "recall@1__p75_std": 0.38602590586643276,
      "precision@3__p75_mean": 0.30666666666666664,
      "precision@3__p75_std": 0.3115552385479446,
      "recall@3__p75_mean": 0.496,
      "recall@3__p75_std": 0.44202262385538593,
      "precision@5__p75_mean": 0.24000000000000005,
      "precision@5__p75_std": 0.23323807579381203,
      "recall@5__p75_mean": 0.624,
      "recall@5__p75_std": 0.45279575969746005,
      "mrr__p75_mean": 0.5733333333333334,
      "mrr__p75_std": 0.45905700444861236,
      "precision@1__t0_mean": 1.0,
      "precision@1__t0_std": 0.0,
      "recall@1__t0_mean": 0.18804761904761907,
      "recall@1__t0_std": 0.020856055635938037,
      "precision@3__t0_mean": 1.0,
      "precision@3__t0_std": 0.0,
      "recall@3__t0_mean": 0.5641428571428571,
      "recall@3__t0_std": 0.06256816690781407,
      "precision@5__t0_mean": 1.0,
      "precision@5__t0_std": 0.0,
      "recall@5__t0_mean": 0.9402380952380952,
      "recall@5__t0_std": 0.10428027817969013,
      "mrr__t0_mean": 1.0,
      "mrr__t0_std": 0.0,
      "precision@1_mean": 0.68,
      "precision@1_std": 0.466476151587624,
      "recall@1_mean": 0.2926666666666667,
      "recall@1_std": 0.3100924593300091,
      "precision@3_mean": 0.5733333333333333,
      "precision@3_std": 0.35925849560819945,
      "recall@3_mean": 0.5846666666666667,
      "recall@3_std": 0.3118375645535134,
      "precision@5_mean": 0.4960000000000001,
      "precision@5_std": 0.3255518391900129,
      "recall@5_mean": 0.7886666666666667,
      "recall@5_std": 0.36589980413586815,
      "mrr_mean": 0.7533333333333334,
      "mrr_std": 0.38331884030573465
    }
  },
  "statistical_tests": {
    "ndcg@5": {
      "exp_off | granite4.1-8b vs exp_on | granite4.1-8b": {
        "metric": "ndcg@5",
        "system_a": "exp_off | granite4.1-8b",
        "system_b": "exp_on | granite4.1-8b",
        "mean_a": 0.8521,
        "mean_b": 0.8203,
        "std_a": 0.1194,
        "std_b": 0.1605,
        "improvement": -0.0318,
        "improvement_pct": -3.74,
        "p_raw": 0.06297905121445523,
        "p_value": 0.062979,
        "test": "wilcoxon_signed_rank",
        "is_normal_a": true,
        "is_normal_b": false,
        "effect_size": -0.4174,
        "effect_label": "small",
        "meets_thesis_threshold": false,
        "ci_95_lower": -0.0641,
        "ci_95_upper": -0.0055,
        "significant": false,
        "n": 25,
        "p_bh": 0.12595810242891045,
        "sig_bh": false,
        "p_holm": 0.18893715364336566,
        "sig_holm": false,
        "correction_family_size": 4,
        "cohens_d": -0.4174,
        "mean_1": 0.8521,
        "mean_2": 0.8203,
        "diff": 0.03179999999999994
      }
    },
    "avg_score@5": {
      "exp_off | granite4.1-8b vs exp_on | granite4.1-8b": {
        "metric": "avg_score@5",
        "system_a": "exp_off | granite4.1-8b",
        "system_b": "exp_on | granite4.1-8b",
        "mean_a": 0.287,
        "mean_b": 0.2687,
        "std_a": 0.1854,
        "std_b": 0.1752,
        "improvement": -0.0183,
        "improvement_pct": -6.36,
        "p_raw": 0.04252247799805163,
        "p_value": 0.042522,
        "test": "wilcoxon_signed_rank",
        "is_normal_a": true,
        "is_normal_b": true,
        "effect_size": -0.3935,
        "effect_label": "small",
        "meets_thesis_threshold": false,
        "ci_95_lower": -0.0381,
        "ci_95_upper": -0.0022,
        "significant": true,
        "n": 25,
        "p_bh": 0.12595810242891045,
        "sig_bh": false,
        "p_holm": 0.17008991199220652,
        "sig_holm": false,
        "correction_family_size": 4,
        "cohens_d": -0.3935,
        "mean_1": 0.287,
        "mean_2": 0.2687,