{
  "RAG Lexico (BM25)": {
    "config_name": "RAG Lexico (BM25)",
    "total_queries": 200,
    "errors": 0,
    "hall_faithfulness_mean": 0.373911,
    "hall_faithfulness_std": 0.3808098546243256,
    "hall_hallucination_rate_mean": 0.626089,
    "hall_hallucination_rate_std": 0.3808098546243256,
    "lat_query_processing_ms_p50": 0.000800006091594696,
    "lat_query_processing_ms_p95": 0.001400010660290718,
    "lat_query_processing_ms_mean": 0.0008984689531866841,
    "lat_retrieval_ms_p50": 112.13080000015907,
    "lat_retrieval_ms_p95": 245.10952000855468,
    "lat_retrieval_ms_mean": 128.36039333383385,
    "lat_reranking_ms_p50": 0.002900022082030773,
    "lat_reranking_ms_p95": 0.0049000082071870565,
    "lat_reranking_ms_mean": 0.0031323058721728814,
    "lat_generation_ms_p50": 26694.738499994855,
    "lat_generation_ms_p95": 52387.342299992444,
    "lat_generation_ms_mean": 28441.70366091445,
    "lat_hallucination_check_ms_p50": 714.8790000064764,
    "lat_hallucination_check_ms_p95": 2028.5166800080333,
    "lat_hallucination_check_ms_mean": 851.376496482671,
    "lat_total_ms_p50": 27570.037599973148,
    "lat_total_ms_p95": 54364.759119995855,
    "lat_total_ms_mean": 29517.68425685223
  },
  "RAG Semantico (Dense)": {
    "config_name": "RAG Semantico (Dense)",
    "total_queries": 200,
    "errors": 0,
    "hall_faithfulness_mean": 0.39759950000000005,
    "hall_faithfulness_std": 0.37380248989238957,
    "hall_hallucination_rate_mean": 0.6024005000000001,
    "hall_hallucination_rate_std": 0.37380248989238957,
    "lat_query_processing_ms_p50": 0.000900006853044033,
    "lat_query_processing_ms_p95": 0.001715008693281559,
    "lat_query_processing_ms_mean": 0.0009954535999721049,
    "lat_retrieval_ms_p50": 75.87779997265898,
    "lat_retrieval_ms_p95": 583.3449800033114,
    "lat_retrieval_ms_mean": 147.3973908617934,
    "lat_reranking_ms_p50": 0.0031999952625483274,
    "lat_reranking_ms_p95": 0.005399982910603285,
    "lat_reranking_ms_mean": 0.0034449488274997686,
    "lat_generation_ms_p50": 31840.632500010543,
    "lat_generation_ms_p95": 66700.21063999737,
    "lat_generation_ms_mean": 33118.90696751238,
    "lat_hallucination_check_ms_p50": 3437.4453000054928,
    "lat_hallucination_check_ms_p95": 5878.710564994252,
    "lat_hallucination_check_ms_mean": 3235.376457575411,
    "lat_total_ms_p50": 35981.10490004183,
    "lat_total_ms_p95": 71833.9630200062,
    "lat_total_ms_mean": 36808.78435989483
  },
  "RAG Hibrido Propuesto": {
    "config_name": "RAG Hibrido Propuesto",
    "total_queries": 200,
    "errors": 0,
    "hall_faithfulness_mean": 0.36868399999999996,
    "hall_faithfulness_std": 0.34245109102468924,
    "hall_hallucination_rate_mean": 0.6313160000000001,
    "hall_hallucination_rate_std": 0.34245109102468924,
    "lat_query_processing_ms_p50": 0.6895499973325059,
    "lat_query_processing_ms_p95": 1.0175499774049968,
    "lat_query_processing_ms_mean": 0.7405838383199421,
    "lat_retrieval_ms_p50": 157.01749999425374,
    "lat_retrieval_ms_p95": 295.05647500627674,
    "lat_retrieval_ms_mean": 175.80162652926188,
    "lat_reranking_ms_p50": 86.66589998756535,
    "lat_reranking_ms_p95": 108.31538000784349,
    "lat_reranking_ms_mean": 86.56365828952475,
    "lat_generation_ms_p50": 83651.1285000015,
    "lat_generation_ms_p95": 188166.8394099921,
    "lat_generation_ms_mean": 88781.72661306469,
    "lat_hallucination_check_ms_p50": 1057.0499499881407,
    "lat_hallucination_check_ms_p95": 3195.97329500684,
    "lat_hallucination_check_ms_mean": 1295.880206564419,
    "lat_total_ms_p50": 85640.0733999908,
    "lat_total_ms_p95": 190621.24335998087,
    "lat_total_ms_mean": 90415.95358642688
  }
}