{
  "RAG Lexico (BM25)": {
    "config_name": "RAG Lexico (BM25)",
    "total_queries": 5,
    "errors": 0,
    "hall_faithfulness_mean": 0.42858,
    "hall_faithfulness_std": 0.4694712617402689,
    "hall_hallucination_rate_mean": 0.57142,
    "hall_hallucination_rate_std": 0.4694712617402688,
    "lat_query_processing_ms_p50": 0.000800006091594696,
    "lat_query_processing_ms_p95": 0.0014400109648704527,
    "lat_query_processing_ms_mean": 0.0009200040949508548,
    "lat_retrieval_ms_p50": 66.05330000456888,
    "lat_retrieval_ms_p95": 141.75202000769787,
    "lat_retrieval_ms_mean": 84.26588000147603,
    "lat_reranking_ms_p50": 0.0023999891709536314,
    "lat_reranking_ms_p95": 0.005059997783973812,
    "lat_reranking_ms_mean": 0.002899995888583362,
    "lat_generation_ms_p50": 0.1534000039100647,
    "lat_generation_ms_p95": 1.4649200078565625,
    "lat_generation_ms_mean": 0.5064600030891597,
    "lat_hallucination_check_ms_p50": 302.5439000048209,
    "lat_hallucination_check_ms_p95": 12772.955179997367,
    "lat_hallucination_check_ms_mean": 3404.1757200000575,
    "lat_total_ms_p50": 368.7187999894377,
    "lat_total_ms_p95": 12857.231979997592,
    "lat_total_ms_mean": 3488.951880004606
  },
  "RAG Semantico (Dense)": {
    "config_name": "RAG Semantico (Dense)",
    "total_queries": 5,
    "errors": 0,
    "hall_faithfulness_mean": 0.64,
    "hall_faithfulness_std": 0.44542114902640173,
    "hall_hallucination_rate_mean": 0.36,
    "hall_hallucination_rate_std": 0.44542114902640173,
    "lat_query_processing_ms_p50": 0.00100000761449337,
    "lat_query_processing_ms_p95": 0.004280009306967258,
    "lat_query_processing_ms_mean": 0.0018400052795186639,
    "lat_retrieval_ms_p50": 320.7708999980241,
    "lat_retrieval_ms_p95": 6404.15742000041,
    "lat_retrieval_ms_mean": 2136.948980001034,
    "lat_reranking_ms_p50": 0.0027999922167509794,
    "lat_reranking_ms_p95": 0.005059997783973813,
    "lat_reranking_ms_mean": 0.0032999931136146188,
    "lat_generation_ms_p50": 47192.74330000917,
    "lat_generation_ms_p95": 84944.32178000279,
    "lat_generation_ms_mean": 52786.16992000025,
    "lat_hallucination_check_ms_p50": 878.0170000100043,
    "lat_hallucination_check_ms_p95": 34778.67942000157,
    "lat_hallucination_check_ms_mean": 13312.959360002424,
    "lat_total_ms_p50": 82474.12640001858,
    "lat_total_ms_p95": 107203.15993999247,
    "lat_total_ms_mean": 68236.0834000021
  },
  "RAG Hibrido Propuesto": {
    "config_name": "RAG Hibrido Propuesto",
    "total_queries": 5,
    "errors": 0,
    "hall_faithfulness_mean": 0.42000000000000004,
    "hall_faithfulness_std": 0.2135415650406262,
    "hall_hallucination_rate_mean": 0.58,
    "hall_hallucination_rate_std": 0.2135415650406262,
    "lat_query_processing_ms_p50": 0.6234000029508024,
    "lat_query_processing_ms_p95": 6.960439996328203,
    "lat_query_processing_ms_mean": 2.2858800017274916,
    "lat_retrieval_ms_p50": 162.59100000024773,
    "lat_retrieval_ms_p95": 1174.3970799929227,
    "lat_retrieval_ms_mean": 424.5356399973389,
    "lat_reranking_ms_p50": 1577.9560999944806,
    "lat_reranking_ms_p95": 10760.198760003548,
    "lat_reranking_ms_mean": 3790.467119999812,
    "lat_generation_ms_p50": 37876.921600007336,
    "lat_generation_ms_p95": 123845.86515999981,
    "lat_generation_ms_mean": 63135.18817999866,
    "lat_hallucination_check_ms_p50": 4308.102499999222,
    "lat_hallucination_check_ms_p95": 9734.75954000023,
    "lat_hallucination_check_ms_mean": 4911.940260001575,
    "lat_total_ms_p50": 57174.50870000175,
    "lat_total_ms_p95": 130767.00104000047,
    "lat_total_ms_mean": 72264.41707999911
  }
}