{
  "cross_cloud_no_norm": {
    "config_name": "cross_cloud_no_norm",
    "total_queries": 29,
    "errors": 0,
    "hall_faithfulness_mean": 0.24976551724137933,
    "hall_faithfulness_std": 0.27793209698607557,
    "hall_hallucination_rate_mean": 0.7502344827586207,
    "hall_hallucination_rate_std": 0.2779320969860755,
    "lat_query_processing_ms_p50": 0.000700005330145359,
    "lat_query_processing_ms_p95": 0.0011649994121398775,
    "lat_query_processing_ms_mean": 0.0007964294387160667,
    "lat_retrieval_ms_p50": 162.35010000673356,
    "lat_retrieval_ms_p95": 210.00698999123415,
    "lat_retrieval_ms_mean": 161.64300714081037,
    "lat_reranking_ms_p50": 57.858399995893706,
    "lat_reranking_ms_p95": 65.31987999987905,
    "lat_reranking_ms_mean": 57.28766428468849,
    "lat_generation_ms_p50": 0.30310000147437677,
    "lat_generation_ms_p95": 0.44094499171478674,
    "lat_generation_ms_mean": 0.3025107149109577,
    "lat_hallucination_check_ms_p50": 282.0970499960822,
    "lat_hallucination_check_ms_p95": 771.4259249922178,
    "lat_hallucination_check_ms_mean": 327.60752499858165,
    "lat_total_ms_p50": 487.4230999921565,
    "lat_total_ms_p95": 999.445709993597,
    "lat_total_ms_mean": 546.8601571400151
  },
  "cross_cloud_with_norm": {
    "config_name": "cross_cloud_with_norm",
    "total_queries": 29,
    "errors": 0,
    "hall_faithfulness_mean": 0.2916,
    "hall_faithfulness_std": 0.3200034859723918,
    "hall_hallucination_rate_mean": 0.7083999999999999,
    "hall_hallucination_rate_std": 0.3200034859723918,
    "lat_query_processing_ms_p50": 0.8963500004028901,
    "lat_query_processing_ms_p95": 1.352029999543447,
    "lat_query_processing_ms_mean": 0.9334285719627847,
    "lat_retrieval_ms_p50": 158.1780999986222,
    "lat_retrieval_ms_p95": 201.94877999892924,
    "lat_retrieval_ms_mean": 161.31275172339318,
    "lat_reranking_ms_p50": 58.725050002976786,
    "lat_reranking_ms_p95": 65.41428499185713,
    "lat_reranking_ms_mean": 57.547835714753354,
    "lat_generation_ms_p50": 0.3161000058753416,
    "lat_generation_ms_p95": 0.46065999777056266,
    "lat_generation_ms_mean": 0.3219034476607139,
    "lat_hallucination_check_ms_p50": 411.42145000048913,
    "lat_hallucination_check_ms_p95": 1240.8907199998791,
    "lat_hallucination_check_ms_mean": 559.9490500000164,
    "lat_total_ms_p50": 639.8290500073927,
    "lat_total_ms_p95": 1453.2092400011604,
    "lat_total_ms_mean": 781.1859964276664
  }
}